id,category,firstType,secondType,tag
10,domain,SNS,BBS,夜生活
12,domain,垂直,财经,金融财经
16,domain,电商,B2C,文学阅读
18,domain,垂直,财经,科技资讯
19,domain,垂直,财经,金融财经
20,domain,垂直,财经,金融财经
21,domain,垂直,财经,金融财经
22,domain,垂直,财经,金融财经
23,domain,SNS,BBS,文学阅读
28,domain,SNS,BBS,时尚媒体
30,domain,垂直,其它,奢侈品
31,domain,垂直,其它,婚恋
32,domain,垂直,其它,文学阅读
33,domain,垂直,其它,摄影
35,domain,SNS,社交,社交
36,domain,垂直,IT科技,摄影
38,domain,SNS,其它,文学阅读
39,domain,垂直,财经,产业经济
41,domain,SNS,社交,社交
43,domain,门户,地方,社交
45,domain,垂直,财经,产业经济
46,domain,门户,综合,时事政治
49,domain,其它,其它,基础网服
52,domain,垂直,汽车,金融财经
53,domain,电商,B2C,电子商务
55,domain,垂直,其它,娱乐休闲
56,domain,垂直,游戏,游戏
57,domain,垂直,游戏,游戏
58,domain,门户,地方,时事政治
60,domain,垂直,其它,金融财经
63,domain,垂直,财经,产业经济
66,domain,垂直,IT科技,消费数码
67,domain,垂直,财经,金融财经
71,domain,垂直,汽车,新车资讯
74,domain,门户,新闻,时事政治
76,union,网盟,综合网盟,门户
79,app,垂直,文学,文学阅读
83,domain,垂直,汽车,新车资讯
84,domain,垂直,女性,时尚媒体
87,union,网盟,综合网盟,门户
90,union,网盟,综合网盟,门户
91,domain,垂直,汽车,旧车汽配
92,domain,其它,其它,文学阅读
95,domain,垂直,财经,产业经济
97,domain,门户,综合,娱乐休闲
99,domain,视频,UGC,影视视频
100,domain,垂直,生活,社交
108,domain,SNS,其它,文学阅读
112,domain,垂直,生活,摄影
118,domain,SNS,其它,文学阅读
119,domain,其它,其它,基础网服
124,domain,门户,综合,时事政治
125,domain,垂直,财经,产业经济
127,domain,垂直,财经,金融财经
129,domain,垂直,财经,金融财经
131,domain,垂直,财经,金融财经
133,domain,门户,地方,时事政治
135,domain,垂直,汽车,新车资讯
137,domain,视频,门户,影视视频
138,domain,视频,UGC,影视视频
140,domain,垂直,游戏,游戏
143,domain,门户,地方,夜生活
146,domain,垂直,汽车,旧车汽配
150,domain,垂直,汽车,新车资讯
151,domain,垂直,汽车,新车资讯
153,domain,门户,综合,社交
154,domain,垂直,汽车,旧车汽配
155,domain,垂直,汽车,新车资讯
156,domain,垂直,IT科技,科技资讯
157,domain,垂直,IT科技,科技资讯
163,domain,垂直,IT科技,科技资讯
164,domain,垂直,IT科技,消费数码
166,domain,垂直,IT科技,消费数码
170,domain,垂直,其它,招商引资
187,domain,垂直,体育,金融财经
189,domain,垂直,财经,金融财经
191,domain,SNS,其它,金融财经
192,domain,垂直,财经,金融财经
193,domain,垂直,财经,金融财经
195,domain,视频,客户端,影视视频
200,union,搜索,搜索,搜索导航
201,domain,搜索,搜索,门户
202,domain,垂直,IT科技,科技资讯
204,domain,垂直,IT科技,科技资讯
206,domain,垂直,财经,金融财经
208,domain,垂直,财经,金融财经
210,domain,垂直,生活,夜生活
211,domain,门户,综合,时事政治
212,domain,垂直,IT科技,科技资讯
215,domain,SNS,社交,婚恋
216,domain,垂直,体育,体育运动
219,domain,垂直,IT科技,科技资讯
221,domain,垂直,IT科技,科技资讯
222,domain,垂直,IT科技,消费数码
223,domain,垂直,生活,社交
224,domain,垂直,IT科技,消费数码
226,domain,垂直,游戏,社交
227,domain,门户,新闻,时事政治
229,domain,垂直,母婴,母婴
231,domain,门户,新闻,社交
232,domain,垂直,女性,靓丽女性
233,domain,垂直,母婴,母婴
234,domain,垂直,女性,靓丽女性
236,domain,垂直,母婴,母婴
240,domain,垂直,音乐,音乐乐器
241,domain,垂直,其它,动漫卡通
242,app,垂直,游戏,游戏
245,domain,垂直,女性,时尚媒体
246,domain,垂直,音乐,音乐乐器
248,domain,垂直,IT科技,科技资讯
250,domain,垂直,游戏,游戏
265,domain,垂直,游戏,游戏
266,domain,垂直,其它,靓丽女性
269,domain,垂直,财经,金融财经
270,domain,垂直,财经,金融财经
272,domain,垂直,游戏,游戏
281,domain,垂直,音乐,影视视频
282,domain,垂直,女性,靓丽女性
284,domain,垂直,财经,金融财经
285,domain,SNS,社交,社交
286,domain,SNS,社交,社交
289,domain,垂直,其它,产业经济
290,domain,垂直,游戏,游戏
292,domain,垂直,汽车,新车资讯
296,domain,垂直,IT科技,基础网服
297,domain,垂直,财经,金融财经
298,domain,垂直,汽车,旧车汽配
299,company,搜索,搜索,搜索导航
301,domain,垂直,财经,产业经济
302,domain,SNS,BBS,社交
303,domain,垂直,其它,奢侈品
305,domain,垂直,生活,旅游地图
306,domain,垂直,音乐,音乐乐器
308,domain,垂直,其它,金融财经
309,domain,垂直,体育,高档运动
311,domain,电商,B2C,时尚媒体
315,domain,其它,其它,娱乐休闲
317,domain,垂直,音乐,音乐乐器
318,domain,视频,UGC,影视视频
319,domain,垂直,其它,基础网服
320,domain,垂直,音乐,音乐乐器
321,domain,垂直,军事,军事政治
322,domain,垂直,其它,时尚媒体
323,domain,垂直,体育,体育运动
325,domain,视频,UGC,基础网服
327,domain,垂直,IT科技,产业经济
328,domain,视频,客户端,影视视频
333,domain,垂直,音乐,音乐乐器
334,domain,垂直,音乐,音乐乐器
338,domain,垂直,财经,产业经济
339,domain,门户,新闻,时事政治
340,domain,垂直,生活,时尚媒体
341,domain,垂直,母婴,母婴
342,domain,垂直,IT科技,科技资讯
347,domain,门户,新闻,科技资讯
348,domain,垂直,财经,产业经济
349,domain,门户,新闻,产业经济
350,domain,垂直,IT科技,产业经济
351,domain,垂直,财经,产业经济
352,domain,垂直,其它,教育培训
3359,domain,垂直,IT科技,
354,domain,垂直,其它,动漫卡通
355,domain,SNS,社交,社交
356,domain,视频,UGC,影视视频
357,domain,门户,地方,社交
358,domain,门户,新闻,产业经济
359,domain,垂直,其它,动漫卡通
360,domain,垂直,IT科技,科技资讯
361,domain,垂直,IT科技,科技资讯
362,domain,垂直,财经,产业经济
364,domain,垂直,IT科技,科技资讯
365,domain,垂直,IT科技,消费数码
367,domain,垂直,IT科技,消费数码
368,domain,门户,新闻,招商引资
369,domain,门户,综合,时事政治
371,domain,门户,地方,时事政治
379,domain,垂直,财经,产业经济
381,domain,门户,地方,时事政治
382,domain,门户,地方,时事政治
383,domain,门户,地方,时事政治
385,domain,门户,地方,时事政治
386,domain,门户,地方,时事政治
387,domain,门户,地方,时事政治
388,domain,门户,地方,时事政治
389,domain,门户,地方,旅游地图
401,domain,垂直,音乐,音乐乐器
402,domain,垂直,女性,靓丽女性
405,domain,垂直,其它,体育运动
406,domain,垂直,其它,时尚媒体
407,domain,视频,UGC,影视视频
409,domain,SNS,社交,音乐乐器
439,domain,SNS,社交,社交
440,domain,门户,综合,时事政治
480,domain,视频,UGC,影视视频
494,domain,垂直,IT科技,消费数码
533,domain,垂直,女性,靓丽女性
535,domain,其它,其它,时尚媒体
543,union,网盟,综合网盟,门户
545,domain,垂直,汽车,旧车汽配
554,union,网盟,综合网盟,门户
555,domain,垂直,生活,餐饮美食
560,domain,垂直,女性,靓丽女性
561,domain,搜索,搜索,文献翻译
562,domain,垂直,其它,时尚媒体
567,domain,垂直,生活,时尚媒体
568,domain,垂直,生活,时尚媒体
569,domain,SNS,社交,时尚媒体
570,domain,电商,B2C,时尚媒体
571,domain,垂直,生活,娱乐休闲
573,domain,视频,版权,门户
574,domain,垂直,女性,靓丽女性
575,domain,门户,综合,产业经济
576,domain,垂直,其它,科技资讯
578,domain,垂直,其它,科技资讯
579,domain,垂直,其它,科技资讯
580,domain,垂直,其它,科技资讯
581,domain,垂直,IT科技,科技资讯
582,domain,垂直,IT科技,科技资讯
585,domain,垂直,其它,健康医疗
587,domain,搜索,搜索,门户
588,domain,其它,其它,动漫卡通
589,domain,其它,其它,招商引资
591,domain,垂直,其它,招商引资
592,domain,垂直,其它,装修建材
593,domain,门户,新闻,招商引资
594,domain,垂直,其它,装修建材
595,domain,垂直,其它,招商引资
596,domain,垂直,文学,文献翻译
599,domain,门户,新闻,旅游地图
600,domain,垂直,其它,教育培训
602,domain,垂直,其它,招商引资
603,domain,垂直,其它,招商引资
604,domain,垂直,其它,招聘求职
605,domain,电商,B2C,电子商务
606,domain,垂直,其它,招商引资
607,domain,垂直,其它,基础网服
1001,domain,搜索,搜索,文学阅读
1002,domain,电商,B2C,电子商务
1004,domain,SNS,BBS,门户
1005,domain,其它,其它,科技资讯
1006,domain,垂直,女性,靓丽女性
1007,domain,门户,新闻,门户
1008,union,网盟,综合网盟,门户
1009,domain,垂直,生活,时尚媒体
1010,domain,垂直,其它,教育培训
1011,domain,垂直,其它,教育培训
1012,domain,垂直,IT科技,招商引资
1013,domain,垂直,体育,体育运动
1014,domain,垂直,体育,体育运动
1015,domain,垂直,财经,金融财经
1017,domain,垂直,IT科技,消费数码
1018,domain,垂直,IT科技,消费数码
1019,domain,垂直,IT科技,科技资讯
1020,domain,垂直,IT科技,科技资讯
1021,domain,其它,其它,科技资讯
1022,domain,门户,地方,时事政治
1023,domain,门户,地方,时事政治
1024,domain,门户,地方,时事政治
1025,domain,门户,地方,时事政治
1026,domain,门户,地方,时事政治
1027,domain,SNS,BBS,社交
1028,domain,门户,综合,游戏
1029,domain,垂直,IT科技,基础网服
1031,domain,SNS,社交,婚恋
1032,domain,垂直,生活,时尚媒体
1033,domain,门户,地方,门户
1034,domain,门户,地方,门户
1035,domain,垂直,IT科技,科技资讯
1036,domain,垂直,其它,科技资讯
1037,domain,门户,综合,时事政治
1039,domain,其它,其它,科技资讯
1040,domain,SNS,社交,时尚媒体
1041,domain,门户,新闻,时事政治
1042,domain,垂直,旅游,旅游地图
1043,domain,垂直,体育,体育运动
1044,domain,垂直,其它,招商引资
1045,domain,垂直,体育,体育运动
1046,domain,其它,其它,门户
1047,domain,垂直,体育,体育运动
1048,union,垂直,游戏,门户
1049,app,垂直,旅游,旅游地图
1050,domain,搜索,搜索,搜索导航
1051,domain,门户,综合,时事政治
1052,domain,垂直,IT科技,通讯服务
1053,domain,垂直,IT科技,通讯服务
1054,domain,垂直,财经,金融财经
1055,domain,门户,新闻,影视视频
1057,domain,垂直,音乐,音乐乐器
1058,domain,垂直,旅游,旅游地图
1059,domain,垂直,旅游,旅游地图
1061,domain,SNS,社交,社交
1062,domain,视频,客户端,影视视频
1064,domain,视频,版权,影视视频
1065,domain,门户,地方,时事政治
1066,domain,视频,版权,影视视频
1067,domain,垂直,IT科技,科技资讯
1068,domain,垂直,其它,时尚媒体
1069,domain,垂直,音乐,音乐乐器
1070,domain,其它,其它,基础网服
1071,union,网盟,综合网盟,基础网服
1073,domain,门户,地方,社交
1074,domain,垂直,其它,教育培训
1075,domain,垂直,游戏,游戏
1076,domain,垂直,游戏,游戏
1077,domain,垂直,其它,广告平台
1078,domain,网盟,综合网盟,基础网服
1079,domain,其它,其它,基础网服
1080,domain,网盟,综合网盟,基础网服
1081,domain,网盟,综合网盟,基础网服
1082,domain,门户,新闻,时事政治
1084,domain,垂直,其它,产业经济
1085,domain,垂直,其它,产业经济
1086,domain,垂直,其它,产业经济
1087,domain,垂直,IT科技,消费数码
1089,domain,SNS,BBS,科技资讯
1090,domain,电商,B2C,科技资讯
1091,union,垂直,其它,宠物花鸟
1092,domain,垂直,其它,宠物花鸟
1093,domain,垂直,其它,宠物花鸟
1094,domain,垂直,其它,宠物花鸟
1095,domain,垂直,其它,宠物花鸟
1096,domain,电商,B2B,电子商务
1097,domain,门户,新闻,时事政治
1098,domain,垂直,其它,宠物花鸟
1099,domain,垂直,其它,宠物花鸟
1100,domain,电商,C2C,电子商务
1101,domain,垂直,其它,宠物花鸟
1102,domain,电商,B2C,招商引资
1103,domain,门户,新闻,摄影
1104,domain,门户,新闻,时事政治
1105,domain,垂直,生活,电子商务
1106,domain,垂直,生活,电子商务
1107,domain,门户,新闻,时事政治
1108,domain,垂直,生活,电子商务
1109,domain,门户,综合,时事政治
1110,domain,垂直,其它,电子商务
1111,domain,垂直,其它,产业经济
1112,domain,门户,新闻,影视视频
1113,domain,视频,客户端,影视视频
1114,domain,视频,客户端,影视视频
3360,domain,垂直,IT科技,
1116,domain,垂直,体育,体育运动
1117,domain,垂直,IT科技,通讯服务
1118,domain,视频,版权,影视视频
1119,domain,垂直,其它,宠物花鸟
1120,domain,垂直,其它,宠物花鸟
1122,domain,垂直,游戏,靓丽女性
1123,company,搜索,搜索,搜索导航
1124,domain,SNS,BBS,社交
1126,domain,垂直,其它,招商引资
1127,domain,垂直,旅游,旅游地图
1128,domain,垂直,女性,靓丽女性
1129,union,网盟,综合网盟,门户
1130,domain,门户,新闻,时事政治
1131,domain,视频,UGC,影视视频
1132,domain,垂直,IT科技,科技资讯
1133,domain,垂直,IT科技,科技资讯
1134,domain,垂直,IT科技,科技资讯
1135,domain,垂直,IT科技,科技资讯
1136,domain,垂直,母婴,母婴
1137,union,网盟,综合网盟,门户
1138,domain,SNS,BBS,新车资讯
1139,domain,垂直,女性,靓丽女性
1141,domain,其它,其它,基础网服
1142,domain,垂直,IT科技,消费数码
1143,domain,垂直,其它,招商引资
1144,domain,其它,其它,消费数码
1145,domain,垂直,IT科技,科技资讯
1146,domain,门户,地方,门户
1147,domain,垂直,IT科技,消费数码
1148,domain,垂直,IT科技,消费数码
1149,domain,垂直,其它,艺术
1150,domain,垂直,游戏,游戏
1151,domain,门户,新闻,消费数码
1152,domain,垂直,游戏,游戏
1153,domain,垂直,其它,宠物花鸟
1154,domain,垂直,其它,宠物花鸟
1157,domain,垂直,IT科技,消费数码
1158,domain,SNS,BBS,消费数码
1159,domain,其它,其它,消费数码
1160,domain,门户,新闻,时事政治
1161,domain,网盟,综合网盟,基础网服
1162,domain,垂直,旅游,旅游地图
1163,domain,垂直,IT科技,通讯服务
1164,domain,垂直,其它,宠物花鸟
1165,domain,搜索,搜索,门户
1166,domain,其它,其它,基础网服
1167,domain,其它,其它,消费数码
1168,domain,垂直,生活,电子商务
1170,domain,垂直,IT科技,消费数码
1171,domain,垂直,IT科技,消费数码
1172,domain,网盟,综合网盟,基础网服
1173,domain,电商,B2C,门户
1174,union,网盟,综合网盟,基础网服
1175,domain,垂直,其它,科技资讯
1176,domain,垂直,其它,科技资讯
1177,domain,垂直,其它,科技资讯
1178,domain,垂直,其它,宠物花鸟
1179,domain,垂直,IT科技,消费数码
1180,domain,垂直,母婴,母婴
1181,domain,门户,新闻,时事政治
1182,domain,垂直,生活,电子商务
1183,domain,垂直,IT科技,时事政治
1184,domain,垂直,IT科技,消费数码
1185,domain,门户,地方,时事政治
1186,domain,垂直,旅游,旅游地图
1187,domain,垂直,文学,旅游地图
1188,domain,垂直,其它,艺术
1190,domain,垂直,其它,娱乐休闲
1191,domain,垂直,体育,体育运动
1192,domain,网盟,综合网盟,时尚媒体
1193,domain,网盟,综合网盟,旅游地图
1195,domain,SNS,BBS,消费数码
1196,domain,门户,综合,时事政治
1197,domain,垂直,其它,基础网服
1198,domain,SNS,BBS,时事政治
1199,domain,垂直,其它,教育培训
1200,app,垂直,旅游,旅游地图
1201,domain,其它,其它,门户
1204,domain,SNS,BBS,门户
1205,domain,垂直,其它,宠物花鸟
1206,domain,垂直,女性,时尚媒体
1207,domain,垂直,其它,房地产
1208,domain,垂直,其它,招聘求职
1209,domain,垂直,其它,招聘求职
1210,domain,垂直,IT科技,消费数码
1211,domain,垂直,生活,消费数码
1212,domain,垂直,IT科技,消费数码
1213,domain,垂直,IT科技,消费数码
1214,union,网盟,综合网盟,时事政治
1215,domain,垂直,游戏,游戏
1216,domain,搜索,搜索,搜索导航
1217,domain,门户,地方,时事政治
1218,domain,门户,地方,门户
1219,domain,门户,地方,时事政治
1220,domain,门户,地方,时事政治
1221,domain,门户,地方,时事政治
1222,domain,门户,地方,门户
1223,domain,门户,地方,门户
1224,domain,门户,地方,门户
1225,domain,门户,地方,门户
1226,domain,门户,地方,时事政治
1227,domain,网盟,综合网盟,门户
1228,domain,垂直,IT科技,消费数码
1229,domain,垂直,IT科技,消费数码
1230,domain,门户,地方,门户
1231,domain,垂直,IT科技,消费数码
1233,domain,垂直,IT科技,消费数码
1234,domain,垂直,IT科技,消费数码
1235,domain,垂直,IT科技,消费数码
1236,domain,垂直,IT科技,消费数码
1237,domain,门户,地方,时事政治
1238,domain,视频,版权,门户
1240,domain,垂直,IT科技,消费数码
1241,domain,垂直,IT科技,消费数码
1242,union,网盟,综合网盟,门户
1243,domain,垂直,生活,电子商务
1244,domain,搜索,搜索,健康医疗
1245,domain,垂直,母婴,母婴
1246,domain,垂直,其它,门户
1247,domain,垂直,其它,门户
1248,domain,垂直,其它,招聘求职
1249,domain,SNS,BBS,社交
1250,domain,垂直,其它,门户
1251,app,垂直,女性,门户
1252,domain,垂直,生活,门户
1253,domain,SNS,BBS,消费数码
1255,domain,垂直,IT科技,消费数码
1256,domain,垂直,女性,靓丽女性
1257,domain,门户,新闻,时事政治
1259,domain,垂直,IT科技,消费数码
1261,domain,垂直,IT科技,门户
1262,union,网盟,综合网盟,时事政治
1263,domain,垂直,IT科技,消费数码
1264,domain,门户,新闻,时事政治
1265,domain,垂直,其它,消费数码
1266,domain,垂直,汽车,新车资讯
1267,domain,垂直,IT科技,消费数码
1268,domain,垂直,音乐,音乐乐器
1269,domain,电商,C2C,电子商务
1270,domain,垂直,其它,门户
1271,union,网盟,移动网盟,基础网服
1272,domain,垂直,其它,消费数码
1274,domain,垂直,女性,时尚媒体
1275,domain,SNS,BBS,消费数码
1276,domain,垂直,其它,时尚媒体
1277,union,网盟,综合网盟,门户
1278,domain,垂直,女性,靓丽女性
1279,domain,搜索,搜索,搜索导航
1280,union,搜索,搜索,门户
1281,union,网盟,综合网盟,门户
1282,domain,垂直,游戏,游戏
1283,union,其它,其它,门户
1284,union,垂直,其它,消费数码
1285,domain,垂直,其它,消费数码
1286,union,网盟,综合网盟,门户
1287,domain,垂直,医药,健康医疗
1288,domain,垂直,体育,体育运动
1289,domain,垂直,体育,体育运动
1290,domain,垂直,游戏,游戏
1291,domain,垂直,汽车,新车资讯
1292,domain,垂直,汽车,新车资讯
1293,domain,垂直,汽车,新车资讯
1294,domain,垂直,汽车,新车资讯
1295,domain,垂直,汽车,新车资讯
1296,domain,搜索,搜索,搜索导航
1297,domain,垂直,汽车,门户
1298,domain,垂直,汽车,
1299,domain,垂直,汽车,
1300,domain,垂直,汽车,
1301,domain,垂直,汽车,
1302,domain,门户,地方,
1304,domain,垂直,汽车,
1305,domain,SNS,BBS,
1306,domain,垂直,汽车,
1307,domain,垂直,汽车,
1308,domain,门户,地方,
1309,domain,门户,地方,
1310,domain,门户,地方,
1311,domain,SNS,BBS,
1312,domain,SNS,BBS,
1313,domain,垂直,汽车,
1314,domain,垂直,汽车,
1315,domain,垂直,汽车,
1317,domain,门户,地方,
1318,domain,垂直,汽车,
1319,domain,垂直,汽车,
1320,domain,垂直,汽车,
1321,domain,垂直,汽车,
1322,domain,垂直,汽车,
1323,domain,门户,地方,
1324,domain,垂直,汽车,
1325,domain,门户,地方,
1326,domain,门户,地方,
1327,domain,SNS,微博,
1328,domain,门户,新闻,
1329,domain,门户,地方,
1330,domain,门户,新闻,
1331,domain,SNS,BBS,
1332,domain,门户,地方,
1333,domain,门户,地方,
1335,domain,垂直,IT科技,
1336,domain,垂直,财经,
1338,domain,垂直,汽车,
1339,domain,垂直,汽车,
1340,domain,门户,地方,
1341,domain,门户,地方,
1342,domain,门户,地方,
1343,domain,垂直,汽车,
1344,domain,垂直,汽车,
1345,domain,门户,地方,
1346,domain,门户,地方,
1347,domain,门户,地方,
1348,domain,视频,UGC,
1349,domain,视频,版权,
1350,domain,视频,版权,
1351,domain,视频,UGC,
1352,domain,视频,UGC,
1353,domain,视频,UGC,
1354,domain,视频,UGC,
1355,domain,视频,UGC,
1357,domain,视频,版权,
1358,domain,视频,版权,
1359,domain,门户,地方,
1360,domain,门户,地方,
1361,domain,门户,地方,
1363,domain,门户,新闻,
1364,domain,门户,新闻,
1365,domain,网盟,综合网盟,
1366,domain,垂直,财经,
1367,domain,其它,其它,
1368,domain,门户,新闻,
1369,domain,垂直,生活,
1370,domain,视频,版权,
1371,domain,视频,版权,
1372,domain,垂直,旅游,
1374,domain,垂直,文学,
1375,domain,垂直,财经,
1376,domain,门户,地方,
1377,domain,垂直,生活,
1378,domain,门户,新闻,
1379,domain,垂直,母婴,
1380,domain,垂直,其它,
1381,domain,垂直,IT科技,
1382,domain,其它,其它,
1383,domain,垂直,财经,
1384,domain,SNS,BBS,
1385,domain,门户,地方,
1386,domain,网盟,综合网盟,
1387,domain,网盟,综合网盟,
1388,domain,垂直,生活,
1389,domain,视频,版权,
1390,domain,门户,地方,
1392,domain,垂直,游戏,
1394,domain,垂直,财经,
1395,union,网盟,综合网盟,
1396,domain,垂直,财经,
1397,domain,垂直,其它,
1398,domain,门户,新闻,
1399,domain,垂直,财经,
1400,domain,SNS,BBS,
1401,domain,垂直,IT科技,
1402,domain,垂直,IT科技,
1403,union,垂直,其它,
1404,domain,SNS,BBS,
1405,domain,垂直,旅游,
1406,domain,垂直,汽车,
1407,domain,门户,地方,
1408,domain,门户,地方,
1409,domain,垂直,汽车,
1410,domain,垂直,汽车,
1411,domain,门户,地方,
1412,domain,垂直,汽车,
1413,domain,垂直,汽车,
1414,domain,门户,地方,
1415,domain,门户,地方,
1417,domain,垂直,母婴,
1419,domain,门户,地方,
1420,domain,垂直,汽车,
1421,domain,门户,地方,
1422,domain,门户,地方,
1423,union,网盟,综合网盟,广告平台
1424,domain,其它,其它,广告平台
1425,union,网盟,移动网盟,
1426,union,网盟,综合网盟,广告平台
1427,domain,垂直,游戏,
1428,domain,垂直,游戏,
1429,domain,门户,地方,
1430,domain,垂直,母婴,
1431,domain,垂直,母婴,
1432,domain,垂直,母婴,
1433,domain,垂直,母婴,
1434,domain,垂直,生活,
1435,domain,垂直,游戏,游戏
1436,domain,垂直,游戏,游戏
1437,union,网盟,综合网盟,广告平台
1438,domain,垂直,游戏,游戏
1440,domain,电商,B2C,游戏资讯
1441,domain,垂直,游戏,游戏资讯
1442,domain,垂直,其它,手机
1444,domain,其它,其它,影视客户端
1445,domain,垂直,游戏,游戏资讯
1446,domain,垂直,游戏,游戏资讯
1447,domain,垂直,音乐,
1448,domain,其它,其它,
1449,domain,网盟,综合网盟,
1450,domain,垂直,生活,
1451,domain,垂直,医药,科技资讯
1452,domain,垂直,医药,门户
1453,domain,垂直,汽车,汽车交易
1454,domain,门户,地方,门户
1455,union,网盟,移动网盟,
1456,domain,SNS,社交,
1457,domain,垂直,IT科技,
1458,domain,垂直,生活,产业经济
1459,domain,垂直,IT科技,
1460,domain,垂直,游戏,游戏
1461,domain,垂直,游戏,游戏资讯
1462,domain,垂直,游戏,游戏资讯
1463,domain,垂直,汽车,
1465,domain,垂直,汽车,
1466,domain,垂直,生活,
1467,domain,门户,新闻,
1468,domain,垂直,汽车,
1469,domain,垂直,生活,
1470,company,网盟,综合网盟,
1473,domain,门户,地方,门户
1475,domain,垂直,汽车,汽车资讯
1476,domain,门户,地方,门户
1477,domain,垂直,汽车,汽车资讯
1478,domain,垂直,生活,
1479,domain,垂直,生活,
1480,domain,门户,地方,汽车资讯
1482,domain,视频,UGC,影视视频
1483,domain,垂直,游戏,游戏资讯
1484,domain,垂直,游戏,游戏资讯
1485,domain,垂直,游戏,游戏资讯
1486,domain,垂直,游戏,游戏
1487,domain,垂直,游戏,游戏资讯
1488,domain,垂直,游戏,游戏资讯
1489,domain,垂直,其它,游戏资讯
1491,domain,其它,其它,基础网服
1493,domain,其它,其它,
1496,domain,垂直,其它,
1499,domain,垂直,女性,电子商务
1500,domain,电商,B2C,
1501,domain,网盟,综合网盟,
1502,domain,其它,其它,TrackMaster
1503,domain,SNS,BBS,
1504,domain,垂直,文学,
1505,union,网盟,移动网盟,广告平台
1506,union,网盟,移动网盟,
1507,union,垂直,其它,
1508,domain,门户,地方,
1510,domain,垂直,旅游,
1511,domain,垂直,旅游,
1512,domain,垂直,旅游,
1513,union,网盟,综合网盟,
1514,domain,门户,地方,
1515,app,垂直,IT科技,
1516,domain,垂直,生活,
1517,app,门户,综合,
1518,domain,垂直,其它,
1519,domain,垂直,IT科技,
1520,domain,网盟,综合网盟,
1522,domain,其它,其它,
1524,domain,垂直,女性,
1525,domain,垂直,生活,社交
1526,domain,门户,地方,
1527,domain,门户,地方,
1528,domain,门户,地方,
1529,domain,门户,地方,
1531,domain,垂直,汽车,
1532,domain,门户,地方,
1533,domain,门户,地方,
1534,domain,门户,地方,
1535,domain,门户,地方,
1536,domain,门户,地方,
1537,domain,垂直,汽车,
1538,domain,门户,地方,
1539,domain,门户,地方,
1540,domain,门户,地方,
1541,domain,垂直,汽车,
1542,domain,垂直,汽车,
1543,domain,垂直,汽车,
1544,domain,垂直,汽车,
1545,domain,垂直,汽车,
1546,domain,垂直,汽车,
1547,domain,垂直,汽车,
1549,domain,垂直,汽车,
1551,domain,门户,地方,
1552,domain,门户,地方,
1553,domain,门户,地方,
1554,domain,门户,地方,
1555,domain,门户,地方,
1556,domain,垂直,旅游,
1557,domain,垂直,游戏,
1558,domain,垂直,IT科技,
1560,domain,垂直,生活,
1561,domain,垂直,生活,
1562,domain,垂直,生活,
1563,domain,垂直,汽车,汽车资讯
1564,union,网盟,移动网盟,
1565,domain,垂直,IT科技,
1566,app,SNS,社交,
1567,domain,垂直,其它,门户
1568,domain,门户,地方,生活服务
1569,domain,门户,地方,门户
1570,domain,垂直,汽车,
1571,domain,垂直,体育,
1572,app,网盟,移动网盟,
1573,domain,门户,地方,社交
1574,domain,垂直,汽车,
1575,app,网盟,综合网盟,
1576,domain,垂直,游戏,游戏资讯
1577,domain,门户,地方,门户
1578,domain,SNS,BBS,门户
1581,domain,垂直,汽车,汽车资讯
1582,domain,SNS,BBS,门户
1583,domain,垂直,汽车,汽车资讯
1584,domain,垂直,汽车,汽车资讯
1585,domain,垂直,汽车,汽车资讯
1586,domain,垂直,IT科技,
1587,domain,垂直,IT科技,
1588,domain,垂直,IT科技,
1591,domain,网盟,综合网盟,
1592,domain,搜索,搜索,搜索导航
1593,domain,垂直,游戏,
1595,domain,垂直,汽车,
1596,domain,垂直,游戏,
1597,union,门户,新闻,
1598,domain,门户,新闻,
1599,company,垂直,IT科技,
1601,domain,垂直,IT科技,IT资讯
1603,domain,垂直,游戏,
1604,domain,垂直,游戏,
1605,domain,垂直,游戏,
1606,domain,垂直,游戏,
1607,domain,垂直,游戏,
1608,app,垂直,游戏,
1609,domain,垂直,游戏,
1611,domain,门户,新闻,
1612,domain,垂直,游戏,
1615,domain,垂直,游戏,
1617,domain,垂直,IT科技,
1624,domain,垂直,女性,时尚媒体
1626,domain,垂直,IT科技,IT资讯
1627,domain,门户,新闻,IT资讯
1628,domain,垂直,文学,
1629,union,网盟,综合网盟,
1630,domain,垂直,汽车,
1632,domain,垂直,游戏,
1634,domain,垂直,游戏,
1635,app,垂直,音乐,
1637,domain,SNS,BBS,
1638,domain,门户,新闻,
1639,union,网盟,综合网盟,广告平台
1640,union,网盟,移动网盟,广告平台
1641,union,网盟,综合网盟,广告平台
1642,domain,垂直,生活,
1644,domain,垂直,IT科技,
1645,domain,电商,B2C,
1646,company,视频,UGC,
1647,union,网盟,移动网盟,
1648,union,网盟,综合网盟,广告平台
1649,domain,其它,其它,
1650,domain,垂直,游戏,
1651,domain,垂直,其它,
1652,domain,垂直,生活,
1654,domain,垂直,汽车,
1655,domain,门户,地方,
1656,domain,门户,地方,
1657,domain,SNS,BBS,
1658,domain,SNS,BBS,
1659,domain,垂直,汽车,
1660,domain,门户,地方,
1661,domain,垂直,汽车,
1662,union,其它,其它,
1663,domain,垂直,文学,
1665,domain,垂直,文学,
1667,domain,搜索,搜索,
1668,domain,SNS,微博,
1669,app,垂直,生活,
1671,union,网盟,综合网盟,
1672,domain,门户,地方,
1673,domain,垂直,生活,
1674,domain,垂直,文学,
1675,union,网盟,综合网盟,
1676,domain,垂直,IT科技,
1677,domain,垂直,女性,
1678,domain,垂直,母婴,
1681,domain,门户,新闻,
1683,domain,垂直,女性,女性时尚
1684,domain,垂直,其它,艺术
1685,domain,垂直,汽车,
1686,domain,门户,新闻,
1687,domain,垂直,其它,
1688,domain,门户,地方,游戏
1689,domain,垂直,游戏,游戏
1690,domain,垂直,游戏,游戏
1692,domain,垂直,汽车,汽车
1694,domain,垂直,游戏,
1695,domain,垂直,游戏,
1696,domain,垂直,游戏,
1698,domain,垂直,游戏,
1699,domain,其它,其它,
1701,domain,垂直,女性,女性时尚
1703,domain,网盟,综合网盟,广告平台
1704,domain,垂直,游戏,
1705,domain,SNS,BBS,
1706,domain,垂直,IT科技,
1707,domain,垂直,IT科技,
1708,domain,垂直,IT科技,
1709,domain,垂直,生活,
1710,domain,网盟,综合网盟,手机
1711,domain,垂直,生活,
1712,domain,垂直,军事,
1715,domain,垂直,汽车,汽车资讯
1717,domain,门户,地方,门户
1718,domain,垂直,汽车,汽车资讯
1719,domain,其它,其它,
1720,domain,垂直,女性,
1721,domain,搜索,搜索,
1722,domain,垂直,文学,
1723,app,垂直,女性,时尚媒体
1725,domain,垂直,其它,
1726,domain,垂直,女性,
1728,domain,其它,其它,
1729,domain,其它,其它,
1730,union,网盟,综合网盟,
1731,domain,垂直,女性,
1732,domain,搜索,搜索,
1733,domain,其它,其它,
1734,app,电商,B2C,
1735,domain,门户,地方,
1736,domain,门户,地方,
1737,domain,垂直,IT科技,
1738,domain,门户,新闻,
1740,domain,垂直,其它,
1741,domain,垂直,旅游,
1742,domain,垂直,财经,
1743,domain,门户,地方,
1744,domain,视频,版权,
1745,domain,门户,地方,
1746,domain,门户,地方,
1747,domain,门户,新闻,
1748,domain,垂直,汽车,
1749,domain,门户,地方,
1750,domain,SNS,BBS,
1751,domain,门户,地方,
1753,domain,门户,地方,
1754,domain,门户,地方,
1755,domain,垂直,汽车,
1756,domain,垂直,汽车,
1757,domain,垂直,汽车,
1758,domain,垂直,汽车,
1759,domain,垂直,其它,
1760,domain,门户,新闻,
1762,domain,垂直,汽车,汽车资讯
1763,domain,门户,地方,
1764,union,网盟,移动网盟,
1765,app,垂直,文学,
1766,app,其它,其它,
1767,domain,垂直,医药,
1768,domain,垂直,其它,
1769,domain,垂直,汽车,
1770,domain,垂直,文学,文学阅读
1771,domain,垂直,生活,影视视频
1772,domain,门户,地方,
1773,domain,门户,地方,
1774,domain,门户,地方,
1775,domain,垂直,财经,金融财经
1776,domain,垂直,财经,金融财经
1777,domain,垂直,财经,招商引资
1778,domain,垂直,旅游,
1779,domain,垂直,汽车,
1780,domain,电商,B2C,
1781,union,电商,B2B,
1782,domain,门户,地方,
1783,domain,门户,地方,
1784,domain,门户,地方,
1785,domain,门户,地方,
1786,domain,门户,地方,
1787,union,网盟,综合网盟,
1788,domain,垂直,其它,
1789,domain,垂直,其它,门户
1790,domain,垂直,其它,
1791,domain,垂直,其它,
1792,domain,垂直,IT科技,
1793,union,网盟,综合网盟,
1794,domain,垂直,财经,金融财经
1795,domain,垂直,生活,
1796,domain,垂直,体育,
1797,domain,电商,B2B,
1798,domain,电商,B2B,
1799,domain,搜索,搜索,
1800,domain,垂直,生活,
1801,domain,其它,其它,
1802,domain,垂直,文学,
1803,domain,垂直,其它,
1804,union,网盟,综合网盟,
1805,domain,搜索,搜索,
1806,domain,垂直,旅游,
1807,domain,网盟,移动网盟,
1808,domain,垂直,母婴,
1809,domain,门户,地方,
1810,domain,垂直,其它,
1811,domain,垂直,生活,
1812,domain,垂直,生活,
1813,domain,垂直,生活,
1814,domain,垂直,IT科技,
1815,domain,垂直,IT科技,
1816,domain,垂直,生活,
1817,domain,垂直,体育,
1818,domain,其它,其它,
1820,domain,垂直,音乐,
1821,domain,门户,地方,中安在线
1822,domain,视频,门户,
1823,app,垂直,IT科技,
1824,domain,其它,其它,
1825,domain,门户,地方,广西时空
1826,domain,垂直,女性,时尚
1827,domain,垂直,IT科技,
1828,domain,其它,其它,Fractalist，飞拓
1829,domain,其它,其它,"IPSOS, Panel"
1831,domain,视频,UGC,
1832,domain,垂直,生活,
1833,domain,其它,其它,
1834,domain,门户,地方,
1835,union,其它,其它,
1836,domain,门户,地方,
1837,domain,SNS,微博,
1838,app,垂直,体育,
1839,domain,垂直,文学,小说
1840,union,其它,其它,
1841,domain,垂直,汽车,
1842,domain,垂直,汽车,
1844,domain,垂直,汽车,
1845,domain,垂直,汽车,
1846,domain,垂直,汽车,
1847,domain,垂直,汽车,
1848,domain,门户,地方,
1849,domain,视频,门户,
1850,domain,电商,O2O,
1851,domain,搜索,搜索,youdao
1852,union,网盟,综合网盟,
1853,union,其它,其它,
1854,domain,垂直,汽车,
1855,domain,门户,地方,
1856,union,网盟,综合网盟,
1857,domain,垂直,母婴,母婴
1858,app,垂直,文学,
1859,domain,垂直,女性,
1860,domain,垂直,生活,
1861,domain,垂直,IT科技,
1862,domain,垂直,女性,
1863,domain,门户,地方,正北方网
1864,domain,门户,地方,内蒙古新闻网
1865,domain,垂直,母婴,
1866,domain,垂直,母婴,
1867,union,网盟,综合网盟,
1868,domain,垂直,旅游,
1869,domain,垂直,旅游,
1870,domain,垂直,游戏,
1871,domain,其它,其它,
1872,domain,视频,版权,
1873,domain,电商,B2C,
1874,domain,电商,B2B,
1875,domain,门户,新闻,
1876,domain,垂直,其它,
1877,domain,电商,B2C,
1878,domain,垂直,汽车,
1879,domain,门户,地方,
1880,union,网盟,综合网盟,
1881,domain,垂直,体育,高尔夫 golf
1882,domain,垂直,母婴,
1883,domain,SNS,社交,
1884,domain,门户,地方,
1885,domain,垂直,汽车,
1886,domain,门户,地方,
1887,domain,垂直,汽车,新车资讯
1888,domain,垂直,汽车,新车资讯
1889,domain,垂直,汽车,新车资讯
1891,domain,垂直,汽车,新车资讯
1892,domain,垂直,汽车,新车资讯
1893,domain,垂直,汽车,新车资讯
1894,domain,电商,C2C,新车资讯
1895,domain,电商,C2C,新车资讯
1896,domain,垂直,汽车,新车资讯
1897,domain,垂直,汽车,新车资讯
1898,domain,其它,其它,
1899,domain,其它,其它,
1901,domain,垂直,财经,财经
1902,domain,垂直,财经,财经
1903,domain,垂直,生活,房产
1904,domain,垂直,生活,房产
1905,domain,垂直,生活,房产
1906,domain,垂直,生活,房产
1907,domain,垂直,生活,家装
1908,domain,垂直,生活,家装
1909,domain,垂直,生活,家装
1910,domain,垂直,旅游,旅游
1911,domain,垂直,旅游,旅游
1912,domain,垂直,旅游,旅游
1913,domain,SNS,其它,社交
1914,domain,SNS,社交,社交
1915,domain,SNS,社交,社交
1916,domain,垂直,女性,社交
1917,domain,搜索,搜索,生活
1918,domain,垂直,生活,生活
1919,domain,垂直,生活,生活
1920,domain,垂直,生活,生活
1921,domain,垂直,生活,生活
1922,domain,SNS,其它,生活
1923,domain,搜索,搜索,生活
1924,domain,垂直,体育,体育
1925,domain,SNS,BBS,体育
1927,domain,垂直,其它,体育
1928,domain,垂直,体育,体育
1929,domain,门户,地方,新闻
1930,domain,门户,地方,新闻
1931,domain,门户,新闻,新闻
1932,domain,其它,其它,体育
1934,domain,门户,新闻,新闻
1935,domain,门户,新闻,新闻
1936,domain,门户,新闻,新闻
1937,domain,门户,新闻,新闻门户
1938,domain,垂直,母婴,
1939,union,网盟,综合网盟,安吉斯旗下数字媒体程序化交易平台
1940,domain,门户,地方,
1941,domain,其它,其它,
1942,domain,门户,地方,
1943,domain,垂直,IT科技,
1944,domain,其它,其它,motu 魔图
1945,domain,垂直,女性,
1946,domain,门户,新闻,
1947,domain,其它,其它,
1948,domain,垂直,汽车,
1949,domain,门户,地方,
1950,domain,垂直,IT科技,安卓网
1951,domain,其它,其它,
1952,domain,门户,地方,
1953,domain,门户,地方,
1954,domain,垂直,母婴,
1955,domain,其它,其它,
1956,domain,其它,其它,
1957,domain,垂直,旅游,
1958,domain,垂直,汽车,
1959,domain,垂直,其它,
1960,domain,垂直,IT科技,
1961,domain,垂直,其它,
1962,domain,垂直,汽车,
1963,domain,垂直,汽车,
1964,domain,门户,地方,
1965,domain,垂直,汽车,
1966,domain,SNS,BBS,
1967,domain,垂直,汽车,
1968,domain,垂直,IT科技,
1969,union,其它,其它,
1970,union,网盟,综合网盟,
1971,domain,门户,地方,
1972,domain,门户,综合,福布斯中国
1973,domain,门户,地方,生活
1974,domain,垂直,汽车,
1975,domain,电商,B2C,
1976,union,其它,其它,
1977,domain,电商,B2C,
1978,domain,垂直,其它,
1979,domain,垂直,其它,广告平台
1981,domain,其它,其它,
1982,domain,其它,其它,移动APP
1983,domain,其它,其它,
1984,domain,垂直,母婴,
1985,domain,垂直,母婴,
1986,union,垂直,其它,
1987,company,垂直,其它,网吧媒体平台
1988,union,门户,综合,百度产品
1989,domain,门户,地方,
1990,domain,垂直,其它,
1991,domain,垂直,其它,
1992,domain,电商,B2B,
1993,domain,垂直,其它,
1994,domain,垂直,其它,
1995,domain,垂直,其它,
1996,domain,垂直,其它,
1997,domain,垂直,其它,
1998,domain,垂直,其它,
1999,domain,垂直,其它,
2000,domain,SNS,BBS,
2001,domain,搜索,搜索,
2002,domain,垂直,汽车,
2003,domain,电商,O2O,
2005,domain,其它,其它,
2006,domain,门户,地方,
2007,domain,门户,地方,
2008,domain,SNS,BBS,
2009,domain,SNS,BBS,
2010,domain,门户,地方,
2011,domain,SNS,其它,
2012,domain,门户,新闻,
2013,domain,门户,综合,
2014,app,网盟,移动网盟,
2015,domain,SNS,BBS,
2016,app,,,
2017,domain,网盟,综合网盟,DSP
2018,domain,门户,综合,
2019,union,网盟,综合网盟,
2020,union,网盟,综合网盟,
2021,union,网盟,综合网盟,门户
2022,domain,SNS,BBS,
2023,domain,垂直,汽车,
2024,domain,网盟,综合网盟,DMP
2025,domain,垂直,体育,
2026,domain,SNS,社交,linkedin
2027,domain,垂直,汽车,
2028,union,垂直,其它,
2029,domain,垂直,其它,
2030,domain,垂直,女性,
2031,domain,垂直,汽车,
2032,domain,门户,新闻,
2033,domain,垂直,母婴,女性社区
2034,domain,SNS,社交,
2035,domain,垂直,其它,
2036,domain,垂直,游戏,
2038,domain,垂直,文学,
2039,domain,垂直,其它,
2040,domain,垂直,IT科技,
2041,domain,门户,新闻,
2042,domain,门户,新闻,
2043,domain,垂直,女性,时尚媒体
2044,domain,垂直,其它,
2045,domain,垂直,母婴,母婴
2046,domain,垂直,母婴,母婴
2047,domain,垂直,母婴,母婴
2048,domain,垂直,母婴,母婴
2049,domain,垂直,母婴,母婴
2050,domain,垂直,母婴,母婴
2051,domain,垂直,母婴,母婴
2052,domain,垂直,女性,APP
2053,domain,搜索,搜索,
2054,domain,垂直,其它,
2055,domain,垂直,其它,
2056,domain,门户,综合,
2057,domain,门户,地方,
2058,domain,搜索,搜索,
2059,domain,垂直,其它,
2060,domain,垂直,其它,
2061,domain,视频,门户,
2062,domain,垂直,游戏,
2063,domain,SNS,其它,
2064,domain,垂直,其它,
2065,domain,垂直,其它,
2066,domain,垂直,汽车,
2067,domain,视频,版权,
2068,domain,垂直,其它,
2069,domain,视频,版权,
2070,domain,,,
2071,domain,垂直,其它,
2072,domain,SNS,社交,
2073,domain,垂直,旅游,
2074,domain,垂直,其它,
2075,union,网盟,移动网盟,移动广告平台
2076,domain,垂直,汽车,
2077,domain,SNS,BBS,
2078,domain,垂直,汽车,
2079,domain,垂直,汽车,
2080,union,网盟,综合网盟,
2081,union,垂直,其它,互联网
2082,domain,电商,B2C,
2083,domain,视频,版权,
2084,domain,SNS,BBS,
2085,domain,视频,门户,
2086,domain,视频,门户,
2087,union,其它,测试,
2088,domain,SNS,BBS,
2089,union,网盟,综合网盟,智能电视媒体
2090,domain,垂直,其它,
2091,domain,垂直,其它,
2092,domain,垂直,IT科技,
2093,domain,垂直,汽车,
2094,domain,门户,综合,
2096,domain,门户,地方,
2097,domain,垂直,汽车,
2098,domain,垂直,汽车,
2099,domain,垂直,汽车,
2100,domain,门户,综合,
2101,domain,垂直,音乐,
2102,domain,垂直,其它,校园BBS
2103,domain,门户,综合,
2104,domain,门户,地方,
2105,domain,门户,地方,
2106,domain,门户,地方,
2107,domain,垂直,其它,
2108,domain,垂直,汽车,
2109,domain,垂直,其它,
2111,domain,垂直,其它,鞋报
2112,company,其它,其它,微软官网
2113,domain,垂直,其它,搜索类
2114,domain,其它,其它,DDSP
2115,domain,门户,地方,
2116,domain,垂直,其它,
2117,domain,垂直,其它,
2118,domain,门户,地方,
2119,domain,门户,地方,腾讯-大成网
2120,domain,SNS,BBS,四川论坛
2121,app,垂直,其它,中文在线旗下网站
2122,app,垂直,游戏,
2123,domain,门户,地方,
2124,domain,视频,门户,
2125,domain,垂直,汽车,
2126,domain,门户,综合,BBS
2127,domain,垂直,其它,
2128,domain,网盟,移动网盟,
2129,domain,视频,客户端,乐看儿童动画
2130,domain,门户,新闻,
2131,domain,门户,地方,
2132,domain,SNS,社交,
2133,domain,垂直,其它,杂志
2134,domain,垂直,其它,
2135,domain,垂直,汽车,
2136,domain,垂直,其它,
2137,domain,视频,客户端,
2138,domain,垂直,IT科技,
2139,domain,垂直,财经,
2140,domain,垂直,其它,
2141,domain,其它,其它,
2142,union,网盟,综合网盟,
2143,union,其它,其它,
2144,app,SNS,微博,
2145,domain,,,
2146,domain,门户,地方,
2147,union,垂直,其它,
2148,domain,垂直,其它,
2149,domain,门户,地方,
2150,domain,门户,地方,
2151,domain,门户,地方,
2152,domain,门户,地方,
2153,domain,门户,地方,
2154,domain,门户,新闻,
2155,domain,门户,地方,
2156,domain,门户,新闻,
2157,domain,门户,新闻,
2158,domain,门户,地方,
2159,union,网盟,移动网盟,
2160,union,其它,其它,
2161,domain,门户,地方,
2162,domain,门户,地方,
2163,union,其它,其它,
2164,domain,,,
2165,union,垂直,其它,
2166,app,垂直,其它,
2167,app,垂直,其它,
2168,domain,门户,地方,
2169,domain,垂直,音乐,
2170,domain,门户,新闻,
2171,domain,垂直,其它,
2173,domain,垂直,体育,
2175,app,视频,客户端,
2176,app,其它,其它,
2177,app,其它,其它,
2178,app,垂直,游戏,
2179,app,其它,其它,
2182,app,垂直,游戏,
2183,app,垂直,生活,航班管家 管家 航班
2184,app,垂直,体育,
2185,domain,垂直,生活,
2186,app,其它,其它,
2187,app,垂直,体育,
2188,domain,门户,地方,
2189,domain,门户,综合,
2191,domain,垂直,文学,
2193,app,垂直,游戏,
3358,domain,垂直,汽车,
2195,domain,垂直,体育,运动 跑步
2197,app,垂直,母婴,
2198,domain,门户,地方,
2199,union,网盟,综合网盟,
2200,domain,其它,其它,
2201,domain,垂直,其它,
2202,domain,其它,其它,
2203,domain,其它,其它,
2204,domain,垂直,其它,
2205,domain,垂直,汽车,
2206,union,垂直,其它,
2207,app,门户,综合,
2208,app,门户,地方,
2209,app,垂直,其它,移动端
2210,domain,SNS,BBS,gt gre gter 寄托
2211,domain,垂直,其它,滴答 dida tigtag
2212,domain,垂直,汽车,
2213,domain,垂直,其它,
2214,domain,垂直,汽车,
2215,domain,门户,综合,
2216,app,垂直,其它,
2217,domain,搜索,搜索,
2218,domain,搜索,搜索,
2219,domain,搜索,搜索,
2220,union,垂直,其它,
2221,domain,门户,新闻,
2222,domain,门户,新闻,
2223,union,网盟,移动网盟,
2224,domain,垂直,IT科技,
2225,domain,垂直,其它,
2226,domain,其它,其它,
2227,app,其它,其它,
2228,app,其它,其它,
2230,domain,垂直,其它,
2231,domain,垂直,汽车,
2232,domain,门户,地方,
2233,app,垂直,母婴,
2234,domain,垂直,汽车,
2235,app,垂直,女性,
2236,domain,垂直,其它,
2237,domain,垂直,其它,
2238,domain,门户,新闻,
2239,domain,垂直,汽车,
2240,domain,门户,综合,
2241,domain,垂直,游戏,
2244,domain,其它,其它,
2245,domain,门户,综合,
2246,app,视频,版权,影视视频
2247,app,视频,UGC,影视视频
3436,domain,网盟,综合网盟,
2250,app,视频,客户端,影视视频
2257,app,视频,客户端,影视视频
2261,app,SNS,微博,
2279,app,门户,综合,时事政治
2300,app,垂直,IT科技,
2310,app,电商,C2C,电子商务
2322,app,视频,版权,
2343,app,门户,新闻,
2352,app,垂直,文学,
2430,app,网盟,移动网盟,
2457,app,视频,版权,
2478,domain,视频,UGC,
2479,domain,门户,新闻,
2480,company,其它,其它,
2481,domain,垂直,汽车,
3932,domain,垂直,游戏,
2484,domain,网盟,综合网盟,
2485,domain,门户,新闻,
2489,domain,SNS,社交,
2490,domain,网盟,综合网盟,
2491,domain,SNS,社交,
3924,domain,视频,版权,
3922,domain,网盟,综合网盟,
2501,domain,门户,综合,
2502,domain,门户,新闻,
3921,domain,垂直,时尚,
2504,domain,电商,C2C,
2505,domain,垂直,其它,
3914,domain,网盟,综合网盟,
3912,domain,门户,地方,
3911,domain,门户,地方,
3910,domain,垂直,女性,
3909,domain,垂直,女性,
3908,domain,垂直,女性,
3906,domain,垂直,女性,
3905,domain,垂直,汽车,
3904,domain,网盟,综合网盟,
3903,domain,垂直,生活,
3902,domain,门户,新闻,
3901,domain,垂直,生活,
3900,domain,垂直,其它,
3885,app,垂直,生活,
3875,domain,垂直,生活,
3868,domain,垂直,IT科技,
3861,domain,视频,门户,
3860,domain,网盟,综合网盟,
3854,domain,垂直,女性,
3853,app,网盟,垂直网盟,
3850,domain,网盟,综合网盟,
3849,domain,垂直,文学,
3848,app,垂直,生活,
3846,domain,垂直,生活,
3845,app,网盟,移动网盟,
3840,domain,垂直,生活,
3838,domain,垂直,游戏,
3836,domain,网盟,综合网盟,
3835,domain,垂直,游戏,
3833,domain,垂直,其它,
3829,app,垂直,母婴,
3828,domain,,,lndata
3827,app,网盟,移动网盟,
3826,app,垂直,IT科技,
3825,domain,网盟,综合网盟,
3813,domain,门户,地方,
3809,app,垂直,生活,
3806,domain,,,lndata
3506,domain,网盟,综合网盟,
3502,app,垂直,汽车,
3488,domain,垂直,生活,
3487,domain,垂直,生活,
3482,domain,网盟,综合网盟,
3476,app,垂直,IT科技,
3472,domain,其它,其它,
3471,domain,网盟,综合网盟,
3466,domain,垂直,汽车,
3464,app,垂直,生活,
3463,domain,网盟,综合网盟,
3462,domain,网盟,综合网盟,
3461,app,垂直,IT科技,
2684,app,垂直,女性,
3459,app,网盟,移动网盟,
3458,app,网盟,移动网盟,
3453,app,网盟,移动网盟,
3444,domain,垂直,其它,
2707,domain,垂直,IT科技,
2708,domain,垂直,IT科技,
2709,domain,垂直,其它,
2710,domain,垂直,IT科技,
2711,domain,垂直,其它,
2713,domain,门户,地方,
2714,domain,垂直,生活,
2715,domain,SNS,BBS,
2716,domain,垂直,游戏,
2717,domain,垂直,游戏,
2718,domain,垂直,文学,
2719,domain,垂直,音乐,
2720,union,垂直,其它,
2721,domain,垂直,其它,
2722,app,门户,综合,
2723,domain,垂直,游戏,
2724,domain,SNS,社交,
2725,domain,其它,测试,
2726,domain,电商,B2C,
2727,domain,垂直,IT科技,
2728,domain,门户,地方,
2729,domain,垂直,汽车,
2730,domain,垂直,汽车,
2731,domain,垂直,汽车,
2732,domain,垂直,汽车,
2733,domain,垂直,汽车,
2734,domain,门户,地方,
2735,domain,垂直,音乐,
2736,domain,垂直,其它,
2738,domain,垂直,生活,
2740,domain,垂直,生活,
2741,domain,垂直,汽车,
2742,domain,视频,门户,
2743,app,门户,新闻,
2744,domain,垂直,其它,
2745,domain,垂直,其它,
2746,app,垂直,其它,
2747,domain,垂直,IT科技,
2748,domain,垂直,IT科技,
2749,domain,垂直,其它,
2750,domain,垂直,IT科技,
2751,domain,视频,版权,
2752,app,垂直,生活,
2753,domain,视频,门户,
2754,domain,垂直,其它,
2755,domain,垂直,汽车,
2756,domain,电商,B2C,
2757,domain,网盟,综合网盟,
2758,domain,垂直,财经,
2759,domain,垂直,汽车,
2760,domain,垂直,汽车,
2761,domain,门户,地方,
2762,domain,垂直,汽车,
2763,domain,垂直,汽车,
2764,domain,垂直,汽车,
2765,domain,垂直,财经,
2766,domain,门户,综合,
2767,domain,垂直,女性,
2768,domain,垂直,女性,
2769,domain,垂直,其它,
2770,domain,垂直,汽车,
3438,domain,垂直,女性,
2773,domain,门户,新闻,
2774,domain,门户,新闻,
2775,domain,垂直,其它,
2776,domain,垂直,其它,
2777,domain,电商,B2C,
2778,domain,网盟,移动网盟,
2779,domain,垂直,其它,
2780,domain,其它,其它,
3432,domain,其它,其它,
3431,domain,其它,其它,
3427,app,垂直,生活,
3426,domain,垂直,生活,
3425,app,垂直,游戏,
2,domain,其它,测试,
2794,domain,网盟,综合网盟,
2795,domain,垂直,其它,
2796,domain,垂直,其它,
2797,domain,其它,其它,
2798,domain,其它,其它,
2799,domain,垂直,其它,
2800,domain,网盟,移动网盟,
2801,domain,其它,其它,
2802,domain,其它,其它,
2803,domain,垂直,其它,
2805,domain,垂直,其它,
2806,app,垂直,生活,
2807,domain,垂直,其它,
2808,app,垂直,汽车,
2809,app,垂直,汽车,
2810,union,垂直,IT科技,
2811,app,视频,客户端,
2812,domain,垂直,其它,
2813,domain,垂直,其它,
2814,domain,垂直,其它,
2815,domain,垂直,其它,
2816,app,垂直,生活,
2817,domain,垂直,IT科技,
2823,domain,垂直,其它,
2824,domain,垂直,其它,
2825,domain,门户,综合,
2826,domain,门户,综合,
2827,domain,垂直,其它,
2822,domain,垂直,其它,
2820,domain,垂直,其它,
2821,domain,视频,门户,
2829,domain,门户,地方,
2830,domain,垂直,IT科技,
2831,domain,垂直,旅游,
3419,domain,门户,综合,
3418,domain,门户,地方,
3417,domain,门户,综合,
2836,domain,,,
2837,domain,垂直,其它,
2838,domain,网盟,综合网盟,
2842,app,,,
2839,app,搜索,搜索,
2840,union,垂直,其它,
2841,union,垂直,其它,
2843,union,,,
2844,union,,,
2845,union,,,
2846,union,,,
2847,domain,SNS,社交,
2848,domain,垂直,体育,
2849,domain,其它,其它,
2850,domain,垂直,其它,
2851,domain,垂直,其它,
2852,domain,垂直,其它,
2853,domain,垂直,其它,
2854,domain,垂直,其它,
2855,domain,垂直,其它,
2856,domain,垂直,其它,
2857,domain,电商,B2C,
2858,domain,垂直,汽车,
2859,domain,门户,地方,
2860,domain,门户,地方,
2861,domain,垂直,汽车,
2862,domain,门户,地方,
2863,domain,垂直,汽车,
2864,domain,垂直,汽车,
2865,domain,垂直,汽车,
2866,domain,垂直,汽车,
2867,domain,门户,地方,
2868,domain,垂直,汽车,
2869,domain,垂直,汽车,
2870,domain,门户,新闻,
2871,domain,垂直,汽车,
2872,domain,SNS,BBS,
2873,domain,视频,门户,
2874,domain,其它,其它,
2875,domain,垂直,汽车,
2876,domain,门户,地方,
2877,domain,垂直,汽车,
2878,domain,门户,新闻,
2879,domain,垂直,汽车,
2880,domain,垂直,汽车,
2881,domain,垂直,汽车,
2882,domain,垂直,汽车,
2883,domain,垂直,汽车,
2884,domain,垂直,汽车,
2885,domain,垂直,汽车,
2888,domain,门户,地方,
2889,app,垂直,医药,
2890,domain,门户,地方,
2891,domain,门户,地方,
2892,domain,垂直,其它,
2893,domain,垂直,其它,
2894,domain,垂直,其它,
2895,domain,电商,B2C,
2896,domain,搜索,搜索,
2897,union,其它,其它,
2898,domain,垂直,女性,
3414,domain,门户,综合,
2901,domain,其它,其它,
2902,domain,门户,地方,
2903,domain,门户,地方,
2904,domain,垂直,汽车,
2905,domain,SNS,BBS,
2906,domain,垂直,汽车,
2907,domain,SNS,BBS,
2908,domain,SNS,BBS,
2909,domain,SNS,BBS,
2910,domain,垂直,汽车,
2911,domain,垂直,汽车,
2912,domain,垂直,汽车,
2913,domain,门户,地方,
2914,domain,垂直,汽车,
2915,domain,垂直,其它,
2916,domain,垂直,汽车,
2917,domain,SNS,BBS,
2918,domain,垂直,汽车,
2919,domain,垂直,汽车,
2920,domain,门户,地方,
2921,domain,垂直,汽车,
2922,domain,垂直,汽车,
2923,domain,门户,新闻,
2924,domain,门户,地方,
3413,domain,电商,B2B,
2927,domain,,,
2928,domain,,,
2899,domain,垂直,游戏,
2929,domain,垂直,旅游,
2930,app,垂直,生活,
2931,app,垂直,生活,
2932,app,垂直,其它,
2933,app,垂直,生活,
2934,app,垂直,财经,
2935,app,垂直,财经,
2936,app,门户,新闻,
2937,app,门户,新闻,
2938,app,垂直,生活,
2939,app,垂直,财经,
2940,app,垂直,生活,
2941,app,垂直,生活,
2942,domain,垂直,其它,
2943,union,其它,其它,
3437,domain,网盟,综合网盟,
3434,domain,网盟,综合网盟,
3933,app,垂直,女性,
3931,app,垂直,IT科技,
3930,app,垂直,IT科技,
3929,app,垂直,IT科技,
3928,domain,视频,版权,
3927,domain,垂直,游戏,
3926,domain,门户,新闻,
3925,domain,垂直,IT科技,
3923,domain,垂直,财经,
3920,domain,网盟,移动网盟,
3919,app,垂直,汽车,
3918,domain,垂直,财经,
3917,app,垂直,IT科技,
3916,domain,网盟,综合网盟,
3915,domain,垂直,汽车,
3913,domain,门户,地方,
3907,domain,垂直,女性,
3899,domain,垂直,IT科技,
3898,domain,垂直,生活,
3897,domain,垂直,汽车,
3896,domain,垂直,其它,
3895,domain,垂直,IT科技,
3894,app,垂直,汽车,
3893,domain,网盟,综合网盟,
3892,domain,垂直,IT科技,
3891,domain,门户,地方,
3890,domain,门户,地方,
3889,app,垂直,生活,
3888,domain,其它,测试,
3887,domain,视频,门户,
3886,domain,视频,门户,
3884,domain,垂直,汽车,
3883,domain,垂直,文学,
3882,app,垂直,其它,
3881,app,垂直,IT科技,
3880,app,垂直,IT科技,
3879,app,网盟,移动网盟,
3878,domain,垂直,IT科技,
3877,domain,垂直,文学,
3876,app,网盟,移动网盟,
3874,domain,网盟,综合网盟,
3873,app,网盟,移动网盟,
3872,app,网盟,移动网盟,
3871,domain,垂直,其他,
3870,domain,垂直,IT科技,
3869,domain,垂直,生活,
3867,domain,垂直,文学,
3866,app,门户,新闻,
3865,union,,,lndata
3863,domain,垂直,IT科技,
3862,app,垂直,汽车,
3859,app,垂直,文学,
3858,app,垂直,生活,
3857,app,垂直,生活,
3856,app,垂直,汽车,
3855,domain,视频,版权,
3852,domain,垂直,IT科技,
3851,domain,垂直,IT科技,
3847,domain,视频,版权,
3844,domain,网盟,综合网盟,
3843,domain,门户,新闻,
3842,domain,垂直,IT科技,
3841,domain,,,
3839,domain,网盟,综合网盟,
3837,domain,垂直,母婴,
3834,domain,网盟,综合网盟,
3832,domain,网盟,综合网盟,
3831,domain,垂直,其它,
3830,domain,,,
3824,domain,垂直,汽车,
3823,domain,网盟,综合网盟,
3822,domain,垂直,汽车,
3821,domain,垂直,汽车,
3820,app,网盟,移动网盟,
3819,app,垂直,游戏,
3818,domain,视频,门户,
3817,domain,网盟,综合网盟,
3816,domain,网盟,综合网盟,
3815,app,网盟,移动网盟,
3814,app,垂直,IT科技,
3812,domain,垂直,汽车,
3811,domain,垂直,汽车,
3810,app,垂直,汽车,
3808,app,门户,新闻,
3807,domain,,,lndata
3508,domain,,,lndata
3507,app,垂直,足球,
3505,app,垂直,生活,
3504,domain,垂直,生活,
3503,app,垂直,生活,
3501,domain,,,lndata
3500,domain,门户,综合,
3499,domain,垂直,IT科技,
3497,domain,电商,B2C,
3496,domain,,,
3495,domain,,,
3494,app,移动网盟,,
3493,app,移动网盟,,
3492,domain,门户,新闻,
3491,domain,垂直,IT科技,
3490,domain,垂直,IT科技,
3489,domain,网盟,综合网盟,
3486,domain,垂直,IT科技,
3485,app,垂直,体育,
3484,domain,垂直,体育,
3483,domain,垂直,汽车,
3481,domain,垂直,科学,
3480,app,垂直,生活,
3479,app,垂直,IT科技,
3478,app,垂直,生活,
3477,app,垂直,生活,
3475,app,垂直,生活,
3474,app,垂直,旅游,
3473,domain,垂直,生活,
3470,domain,视频,门户,
3469,app,垂直,生活,
3468,domain,门户,地方,
3467,app,垂直,生活,
3465,domain,垂直,音乐,
3460,app,网盟,移动网盟,
3457,domain,网盟,移动网盟,
3456,app,网盟,移动网盟,
3455,app,网盟,移动网盟,
3454,app,网盟,移动网盟,
3452,app,网盟,移动网盟,
3451,app,网盟,移动网盟,
3450,domain,垂直,IT科技,
3449,domain,垂直,汽车,
3448,domain,门户,地方,
3447,domain,垂直,时尚,
3446,domain,垂直,时尚,
3445,domain,垂直,时尚,
3443,domain,网盟,综合网盟,
3442,domain,垂直,汽车,
3441,domain,门户,综合,
3440,domain,门户,综合,
3439,domain,门户,综合,
3430,domain,其它,其它,
3429,domain,其它,其它,
3424,app,垂直,汽车,
3423,app,网盟,移动网盟,
3422,app,网盟,移动网盟,
3421,app,垂直,生活,
3420,app,垂直,生活,
3416,domain,门户,综合,
3415,domain,电商,B2B,
2944,domain,垂直,汽车,
2945,domain,门户,地方,
2946,app,垂直,其它,
2947,union,其它,其它,
2948,domain,垂直,IT科技,
2949,domain,垂直,IT科技,
2950,domain,垂直,IT科技,
2951,domain,垂直,汽车,
2952,domain,垂直,IT科技,
2953,domain,垂直,IT科技,
2954,domain,垂直,IT科技,
2955,domain,垂直,IT科技,
2956,app,垂直,IT科技,
2957,domain,垂直,游戏,
2958,domain,其它,其它,
2959,domain,垂直,其它,
2960,domain,其它,其它,
2961,domain,垂直,其它,
2962,domain,垂直,其它,
2963,domain,垂直,其它,
2964,domain,垂直,其它,
2965,domain,垂直,其它,
2966,domain,垂直,其它,
2967,domain,垂直,其它,
2968,domain,垂直,其它,
2969,domain,垂直,其它,
2970,domain,垂直,IT科技,
2971,domain,垂直,其它,
2972,domain,垂直,IT科技,
2973,domain,垂直,IT科技,
2974,domain,垂直,IT科技,
2975,domain,垂直,IT科技,
2976,domain,垂直,其它,
2977,domain,垂直,其它,
2978,domain,垂直,其它,
2979,domain,垂直,其它,
2980,domain,垂直,其它,
2981,domain,垂直,IT科技,
2982,domain,垂直,IT科技,
2983,domain,垂直,IT科技,
2984,domain,垂直,IT科技,
2985,app,垂直,生活,
2986,app,垂直,女性,
3412,domain,门户,综合,
2988,domain,垂直,生活,
2989,domain,门户,综合,
2990,app,其它,其它,
2991,domain,垂直,财经,
2992,domain,垂直,其它,
2993,app,垂直,其它,
2994,domain,垂直,IT科技,
2995,app,垂直,生活,
2996,domain,垂直,IT科技,
2997,app,垂直,音乐,
2998,union,网盟,综合网盟,
2999,domain,网盟,综合网盟,
3000,domain,网盟,综合网盟,
3001,app,垂直,女性,
3002,domain,网盟,综合网盟,
3003,domain,垂直,其它,
3004,domain,垂直,其它,
3005,domain,垂直,汽车,
3006,domain,垂直,其它,
3411,domain,门户,综合,
3007,domain,门户,地方,
3008,domain,垂直,汽车,
3009,domain,垂直,其它,
3010,domain,垂直,生活,
3011,domain,网盟,综合网盟,
3012,domain,其它,其它,
3013,domain,门户,地方,
3014,domain,垂直,IT科技,
3015,domain,门户,地方,
3016,domain,网盟,综合网盟,
3017,domain,门户,地方,
3018,domain,垂直,汽车,
3019,domain,垂直,汽车,
3020,domain,门户,地方,
3021,domain,网盟,综合网盟,
3022,domain,网盟,综合网盟,
3023,domain,网盟,综合网盟,
3024,domain,网盟,综合网盟,
3025,union,网盟,移动网盟,
3026,domain,垂直,其它,
3027,domain,垂直,其它,
3028,domain,垂直,其它,
3029,domain,垂直,其它,
3030,domain,搜索,搜索,
3031,domain,搜索,搜索,
3032,domain,垂直,IT科技,
3033,domain,垂直,IT科技,
3034,domain,垂直,IT科技,
3035,domain,垂直,其它,
3036,domain,SNS,微博,
3037,union,网盟,移动网盟,
3038,union,网盟,移动网盟,
3039,union,网盟,移动网盟,
3040,union,网盟,移动网盟,
3041,union,网盟,移动网盟,
3042,union,网盟,移动网盟,
3043,union,网盟,移动网盟,
3044,union,网盟,移动网盟,
3045,union,网盟,移动网盟,
3046,union,网盟,移动网盟,
3047,union,网盟,移动网盟,
3048,union,网盟,移动网盟,
3049,domain,垂直,其他,
3050,app,门户,新闻,
3051,union,网盟,移动网盟,
3052,domain,垂直,医药,
3053,union,网盟,移动网盟,
3054,union,网盟,移动网盟,
3055,domain,垂直,汽车,
3056,union,网盟,移动网盟,
3057,app,SNS,社交,
3058,union,网盟,移动网盟,
3059,union,网盟,移动网盟,
3060,union,网盟,移动网盟,
3061,domain,垂直,汽车,
3062,app,垂直,其它,
3063,domain,垂直,游戏,
3064,app,垂直,生活,
3065,domain,搜索,搜索,
3066,union,网盟,综合网盟,
3067,union,网盟,移动网盟,
3068,union,网盟,移动网盟,
3069,domain,垂直,IT科技,
3070,domain,垂直,IT科技,
3071,domain,垂直,IT科技,
3072,domain,垂直,IT科技,
3073,domain,电商,B2C,
3074,domain,电商,B2C,
3075,domain,垂直,其它,
3077,domain,垂直,其它,
3078,app,门户,新闻,
3191,domain,SNS,BBS,
3079,domain,SNS,BBS,
3080,domain,垂直,女性,
3081,app,垂直,女性,
3082,domain,门户,综合,
3083,app,门户,综合,
3084,domain,其它,其它,
3085,domain,垂直,汽车,
3086,domain,垂直,汽车,
3087,domain,SNS,BBS,
3088,domain,垂直,汽车,
3089,domain,垂直,汽车,
3090,app,其它,其它,
3091,domain,垂直,汽车,
3092,domain,SNS,BBS,
3093,domain,网盟,综合网盟,
3094,app,网盟,移动网盟,
3095,app,网盟,移动网盟,
3096,app,网盟,移动网盟,
3097,domain,垂直,女性,
3098,app,网盟,移动网盟,
3099,app,网盟,移动网盟,
3100,app,网盟,移动网盟,
3101,app,网盟,移动网盟,
3102,app,网盟,移动网盟,
3103,app,网盟,移动网盟,
3104,app,网盟,移动网盟,
3105,app,网盟,移动网盟,
3106,app,网盟,移动网盟,
3107,app,网盟,移动网盟,
3108,app,网盟,移动网盟,
3109,app,网盟,移动网盟,
3110,app,网盟,移动网盟,
3111,app,网盟,移动网盟,
3112,app,网盟,移动网盟,
3113,app,网盟,移动网盟,
3114,app,网盟,移动网盟,
3115,app,网盟,移动网盟,
3116,app,网盟,移动网盟,
3117,app,网盟,移动网盟,
3118,app,网盟,移动网盟,
3119,app,网盟,移动网盟,
3120,app,网盟,移动网盟,
3121,app,网盟,移动网盟,
3122,app,网盟,移动网盟,
3123,app,网盟,移动网盟,
3124,app,网盟,移动网盟,
3125,app,网盟,移动网盟,
3126,app,网盟,移动网盟,
3127,app,网盟,移动网盟,
3128,app,网盟,移动网盟,
3129,app,网盟,移动网盟,
3130,app,网盟,移动网盟,
3131,app,网盟,移动网盟,
3132,app,网盟,移动网盟,
3410,domain,垂直,汽车,
3134,app,网盟,移动网盟,
3135,app,网盟,移动网盟,
3136,app,网盟,移动网盟,
3137,app,网盟,移动网盟,
3138,app,门户,新闻,
3139,app,门户,新闻,
3140,domain,垂直,汽车,
3141,domain,视频,版权,
3142,domain,垂直,其它,
3435,domain,视频,门户,
3433,domain,网盟,综合网盟,
3143,domain,垂直,其它,
3144,domain,垂直,其它,
3145,domain,垂直,其它,
3146,app,垂直,其它,
3147,domain,垂直,生活,
3148,domain,垂直,汽车,
3149,domain,垂直,其它,
3150,domain,垂直,其它,
3151,domain,垂直,生活,
3152,domain,SNS,BBS,
3153,domain,网盟,综合网盟,
3154,app,网盟,移动网盟,
3155,domain,网盟,综合网盟,
3156,domain,垂直,IT科技,
3158,domain,SNS,BBS,
3159,domain,SNS,BBS,
3160,domain,SNS,BBS,
3161,domain,网盟,综合网盟,
3162,app,网盟,移动网盟,
3163,domain,网盟,综合网盟,
3164,domain,垂直,汽车,
3165,domain,垂直,汽车,
3166,domain,门户,综合,
3167,domain,垂直,旅游,
3168,domain,网盟,综合网盟,
3169,domain,垂直,文学,
3170,domain,网盟,垂直网盟,
3171,domain,网盟,垂直网盟,
3172,app,垂直,汽车,
3173,app,其它,其它,
3174,domain,电商,B2C,
3175,app,网盟,移动网盟,
3176,app,垂直,游戏,
3177,domain,垂直,财经,
3178,domain,SNS,BBS,
3179,domain,SNS,BBS,
3180,domain,SNS,BBS,
3181,domain,SNS,BBS,
3182,domain,SNS,BBS,
3183,domain,垂直,汽车,
3184,domain,垂直,生活,
3185,domain,垂直,生活,
3186,domain,垂直,生活,
3187,domain,垂直,生活,
3188,domain,垂直,生活,
3189,domain,门户,新闻,
3190,domain,网盟,综合网盟,
3192,domain,门户,新闻,
3193,domain,门户,新闻,
3194,domain,垂直,女性,
3195,domain,门户,综合,
3196,domain,门户,综合,
3197,domain,垂直,汽车,
3198,domain,垂直,汽车,
3199,domain,门户,综合,
3200,domain,门户,综合,
3201,domain,网盟,综合网盟,
3202,domain,垂直,生活,
3203,domain,垂直,生活,
3204,domain,垂直,生活,
3205,domain,垂直,生活,
3206,domain,垂直,音乐,
3207,app,SNS,社交,
3208,domain,门户,综合,
3209,domain,垂直,汽车,
3210,domain,门户,城市,
3211,domain,门户,新闻,
3212,domain,网盟,移动网盟,
3213,app,SNS,社交,
3214,domain,网盟,综合网盟,
3215,domain,垂直,游戏,
3216,domain,网盟,移动网盟,
3217,domain,网盟,移动网盟,
3218,app,网盟,移动网盟,
3219,domain,垂直,汽车,
3220,domain,垂直,汽车,
3221,domain,垂直,生活,
3222,domain,垂直,生活,
3223,domain,垂直,游戏,
3224,domain,垂直,游戏,
3225,app,网盟,移动网盟,
3226,domain,垂直,财经,
3227,domain,垂直,其它,
3228,domain,垂直,其它,
3229,domain,门户,综合,
3230,app,垂直,其它,
3231,domain,垂直,其它,
3232,app,垂直,旅游,
3234,union,网盟,综合网盟,
3235,app,垂直,其它,
3236,app,网盟,移动网盟,
3237,domain,门户,新闻,
3238,domain,其它,其它,
3239,domain,网盟,综合网盟,
3240,domain,垂直,汽车,
3241,domain,垂直,文学,
3242,app,垂直,生活,
3243,app,垂直,生活,
3244,app,网盟,移动网盟,
3245,app,网盟,移动网盟,
3246,app,网盟,移动网盟,
3247,app,网盟,移动网盟,
3248,app,网盟,移动网盟,
3249,app,网盟,移动网盟,
3250,app,垂直,生活,
3251,domain,网盟,综合网盟,
3252,domain,门户,综合,
3253,app,网盟,移动网盟,
3254,app,垂直,理财,
3255,app,其它,其它,
3256,domain,网盟,综合网盟,
3257,domain,垂直,游戏,
3258,domain,网盟,综合网盟,
3259,domain,网盟,综合网盟,
3260,domain,门户,综合,
3261,domain,SNS,BBS,
3262,app,网盟,移动网盟,
3263,domain,电商,B2C,
3264,app,垂直,女性,
3265,app,垂直,生活,
3266,domain,视频,门户,
3267,domain,视频,门户,
3268,domain,SNS,BBS,
3269,domain,垂直,生活,
3270,domain,垂直,生活,
3271,domain,网盟,综合网盟,
3272,domain,垂直,汽车,
3273,domain,门户,新闻,
3274,app,垂直,母婴,
3275,domain,视频,版权,
3276,domain,视频,版权,
3277,app,网盟,移动网盟,
3409,domain,垂直,汽车,
3279,app,垂直,其它,
3498,app,网盟,移动网盟,
3280,domain,网盟,综合网盟,
3281,app,网盟,移动网盟,
3282,app,网盟,移动网盟,
3283,app,网盟,移动网盟,
3284,app,网盟,移动网盟,
3285,app,网盟,移动网盟,
3286,app,网盟,移动网盟,
3287,domain,视频,门户,
3288,domain,垂直,汽车,
3289,app,网盟,移动网盟,
3290,domain,网盟,综合网盟,
3291,domain,垂直,游戏,
3292,domain,搜索,搜索,
3293,app,垂直,生活,
3294,domain,网盟,综合网盟,
3295,domain,视频,版权,
3296,domain,视频,版权,
3297,domain,视频,UGC,
3298,domain,网盟,综合网盟,
3299,domain,网盟,综合网盟,
3300,app,网盟,垂直网盟,
3301,app,网盟,垂直网盟,
3302,app,网盟,移动网盟,
3303,domain,电商,B2C,
3304,domain,垂直,旅游,
3305,domain,门户,地方,
3306,domain,垂直,女性,
3307,app,网盟,移动网盟,
3308,domain,垂直,IT科技,
3309,app,电商,B2C,
3311,app,垂直,体育,
3310,domain,垂直,IT科技,
3313,domain,垂直,旅游,
3314,domain,网盟,综合网盟,
3315,app,网盟,移动网盟,
3316,app,垂直,体育,
3317,app,垂直,体育,
3318,app,网盟,移动网盟,
3319,app,网盟,移动网盟,
3320,domain,垂直,IT科技,
3321,domain,电商,B2C,
3322,app,垂直,生活,
3323,domain,门户,综合,
3324,domain,垂直,汽车,
3325,domain,视频,版权,
3326,app,网盟,移动网盟,
3327,app,网盟,移动网盟,
3328,app,门户,新闻,
3329,app,垂直,IT科技,
3330,domain,垂直,汽车,
3331,app,垂直,生活,
3332,domain,垂直,旅游,
3333,domain,电商,B2B,
3334,domain,电商,B2B,
3335,domain,垂直,汽车,
3336,domain,垂直,IT科技,
3337,domain,垂直,IT科技,
3338,app,垂直,IT科技,
3339,app,垂直,IT科技,
3340,app,垂直,IT科技,
3341,domain,门户,新闻,
3342,domain,门户,新闻,
3343,domain,垂直,旅游,
3344,app,网盟,移动网盟,
3345,domain,垂直,IT科技,
3346,domain,SNS,社交,
3347,app,垂直,IT科技,
3348,domain,垂直,IT科技,
3349,domain,门户,综合,
3350,domain,门户,地方,
3351,domain,其它,其它,
3352,domain,垂直,音乐,
3353,domain,垂直,体育,
3354,app,垂直,IT科技,
3355,domain,其它,其它,
3356,domain,垂直,IT科技,
3357,domain,电商,B2B,
3361,domain,社交,BBS,
3362,domain,社交,BBS,
3363,domain,网盟,综合网盟,
3364,domain,门户,地方,
3365,domain,门户,地方,
3366,app,垂直,生活,
3367,app,SNS,社交,
3368,domain,其它,其它,
3369,domain,垂直,生活,
3370,domain,垂直,生活,
3371,app,垂直,生活,
3372,app,垂直,生活,
3373,domain,门户,综合,
3374,domain,网盟,网盟,
3375,domain,综合,IT,
3376,domain,其它,测试,
3377,domain,其他,测试,
3378,domain,其他,测试,
3379,domain,其他,测试,
3380,app,门户,新闻,
3381,app,垂直,IT科技,
3382,domain,网盟,综合网盟,
3383,app,垂直,音乐,
3384,app,垂直,IT科技,
3385,app,垂直,IT科技,
3386,app,垂直,IT科技,
3387,domain,门户,综合,
3388,domain,门户,综合,
3389,domain,门户,综合,
3390,domain,门户,综合,
3391,domain,垂直,游戏,
3392,domain,垂直,游戏,
3393,domain,垂直,游戏,
3394,domain,垂直,游戏,
3395,domain,垂直,游戏,
3396,domain,垂直,游戏,
3397,domain,垂直,游戏,
3428,domain,门户,综合,
3398,domain,垂直,游戏,
3399,domain,垂直,IT科技,
3400,domain,网盟,综合网盟,
3401,domain,垂直,IT科技,
3402,domain,垂直,IT科技,
3403,domain,垂直,IT科技,
3404,app,垂直,IT科技,
3405,domain,视频,UGC,
3406,domain,网盟,综合网盟,
3407,domain,网盟,综合网盟,
3408,app,垂直,音乐,
